CHROM	POS	REF	ALT	AlignedReads	SNVCountForward	SNVCountReverse	RefCountForward	RefCountReverse	SNVCount	RefCount	GoodReads	%BadRead	R	HomoVarSc	HetSc	HomoRefSc	VarDomSc	RefDomSc
1	36886117	C	T	example-NRNA	9	1	6	1	10	7	17	46.875	0.5882352941176471	0.0	61.464199174941676	0.0	2.4706622225982215	0.0
13	46090371	A	G	example-NRNA	1	4	0	5	5	5	10	74.35897435897436	0.5	0.0	42.01773520628749	0.0	0.0	0.0
14	74340797	A	T	example-NRNA	10	9	12	7	19	19	38	26.923076923076923	0.5	0.0	100.0	0.0	0.0	0.0
19	54659124	G	A	example-NRNA	0	0	22	56	0	78	78	17.02127659574468	0.0	0.0	0.0	100.0	0.0	100.0
21	47614443	A	G	example-NRNA	5	6	8	6	11	14	25	26.470588235294116	0.44	0.0	97.5969174015743	0.0	0.0	2.403082598425704
5	31423007	T	C	example-NRNA	2	28	1	23	30	24	54	12.903225806451612	0.5555555555555556	0.0	96.86476644854496	0.0	3.135233551455042	0.0
6	57512678	G	A	example-NRNA	4	14	0	0	18	0	18	10.0	1.0	49.95776329554592	0.0	0.0	49.95776329554592	0.0
6	57512711	G	A	example-NRNA	2	12	0	0	14	0	14	12.5	1.0	38.83426720254312	0.0	0.0	38.83426720254312	0.0
X	107159291	C	A	example-NRNA	6	2	6	2	8	8	16	20.0	0.5	0.0	79.20522195549118	0.0	0.0	0.0
