AlignedReads	CHROM	POS	REF	ALT	SNVCountForward	SNVCountReverse	RefCountForward	RefCountReverse	SNVCount	RefCount	HomoVarSc	HetSc	HomoRefSc	VarDomSc	RefDomSc	NotHomoVarpV	NotHomoRefpV	NotHetpV	VarDompV	RefDompV	NotHomoVarFDR	NotHomoRefFDR	NotHetFDR	VarDomFDR	RefDomFDR	COSMIC Gene	COSMIC Site	COSMIC Sub_Site	COSMIC Cancer_Type
example-GDNA	9	87366922	G	A	0	0	276	186	0	462	0.0	0.0	100.0	0.0	100.0	0.0	1.0	8.3973451344583118e-140	1.0	8.3973451344583118e-140	0.0	1	8.126463033346754e-139	1	8.126463033346754e-139				
example-SDNA	9	87366922	G	A	36	47	58	60	83	118	0.0	81.69825340808572	0.0	0.0	18.301746591914288	1.0942009738911825e-250	1.9988639969668248e-159	0.008131825120217883	1.0	0.008131825120217883	2.0516268260459672e-249	2.1416399967501695e-158	0.014785136582214335	1	0.014785136582214335				
example-NRNA	9	87366922	G	A	0	0	91	14	0	105	0.0	0.0	100.0	0.0	100.0	2.025600513042127e-245	1.0	2.4651903288156619e-32	1.0	2.4651903288156619e-32	3.3760008550702117e-244	1	8.4040579391443021e-32	1	8.4040579391443021e-32				
example-TRNA	9	87366922	G	A	3	2	15	2	5	17	0.0	20.145098949389173	0.0	0.0	18.18724646299495	6.2556085095569943e-25	7.6832303948922928e-05	0.0084502696990966797	1.0	0.0084502696990966797	1.9149821968031617e-24	0.00014681331964762343	0.015180125207958107	1	0.015180125207958107				
example-GDNA	11	64575553	G	A	0	0	0	15	0	15	0.0	0.0	42.314532785945175	0.0	42.314532785945175	1.066144926023537e-23	1.0	3.0517578125e-05	1.0	3.0517578125e-05	3.1984347780706109e-23	1	5.8687650240384617e-05	1	5.8687650240384617e-05				
example-SDNA	11	64575553	G	A	0	10	1	7	10	8	0.0	77.04523646048321	0.0	2.1835333573673834	0.0	5.334657747273125e-09	3.4724735146237596e-12	0.40726470947265619	0.40726470947265619	1.0	1.1943263613298041e-08	8.754134910816202e-12	0.60484857842473694	0.60484857842473694	1				
example-NRNA	11	64575553	G	A	1	0	12	32	1	44	0.0	0.0	97.71397774533229	0.0	100.0	6.7771299311752715e-86	0.38201309449592347	1.3073986337985843e-12	1.0	1.3073986337985843e-12	4.5180866207835145e-85	0.59074189870503635	3.3523041892271391e-12	1	3.3523041892271391e-12				
example-TRNA	11	64575553	G	A	0	9	1	5	9	6	0.0	49.684562153609136	0.0	3.1956367328956157	0.0	2.5760252503323282e-06	7.0183851572159515e-11	0.30361938476562506	0.30361938476562506	1.0	5.1520505006646564e-06	1.6710440850514171e-10	0.47911120374752136	0.47911120374752136	1				
