AlignedReads	CHROM	POS	REF	ALT	SNVCountForward	SNVCountReverse	RefCountForward	RefCountReverse	SNVCount	RefCount	HomoVarSc	HetSc	HomoRefSc	VarDomSc	RefDomSc	NotHomoVarpV	NotHomoRefpV	NotHetpV	VarDompV	RefDompV	NotHomoVarFDR	NotHomoRefFDR	NotHetFDR	VarDomFDR	RefDomFDR	DARNED Cancer_Type
example-GDNA	1	7890010	A	G	0	0	15	22	0	37	0.0	0.0	100.0	0.0	100.0	9.8287819507505136e-71	1.0	7.2759576141834275e-12	1.0	7.2759576141834275e-12	5.5634614815568948e-70	1	1.7746238083374212e-11	1	1.7746238083374212e-11	
example-SDNA	1	7890010	A	G	0	0	95	79	0	174	0.0	0.0	100.0	0.0	100.0	0.0	1.0	4.1761948595190066e-53	1.0	4.1761948595190066e-53	0.0	1	2.0538663243536099e-52	1	2.0538663243536099e-52	
example-NRNA	1	7890010	A	G	32	4	57	39	36	96	0.0	32.812459723662855	0.0	0.0	67.18754027633715	2.5527408109639198e-172	4.1885273158007585e-45	8.7468700715387018e-08	1.0	8.7468700715387018e-08	3.0632889731567039e-171	1.698051614513821e-44	1.9109352529332936e-07	1	1.9109352529332936e-07	
example-TRNA	1	7890010	A	G	12	1	19	8	13	27	0.0	85.28299831618521	0.0	0.0	14.717001683814786	1.1472561784483866e-42	8.6001214917258002e-16	0.019238654142100124	1.0	0.019238654142100124	4.5286428096646837e-42	2.4112490163717199e-15	0.033752024810701976	1	0.033752024810701976	
example-GDNA	13	46090371	A	G	0	0	47	72	0	119	0.0	0.0	100.0	0.0	100.0	6.292407564117642e-247	1.0	1.5046327690525283e-36	1.0	1.5046327690525283e-36	1.1104248642560544e-245	1	5.5727139594538088e-36	1	5.5727139594538088e-36	BREAST CANCER,LYMPHOBLASTOID CELL LINE
example-SDNA	13	46090371	A	G	0	0	28	46	0	74	0.0	0.0	100.0	0.0	100.0	3.4960246979905627e-162	1.0	5.2939559203393771e-23	1.0	5.2939559203393771e-23	4.0338746515275724e-161	1	1.5570458589233463e-22	1	1.5570458589233463e-22	BREAST CANCER,LYMPHOBLASTOID CELL LINE
example-NRNA	13	46090371	A	G	13	11	6	16	24	22	0.0	98.12419784622078	0.0	1.8758021537792162	0.0	1.523279341770551e-31	1.684917344017937e-35	0.44149795606119779	0.44149795606119779	1.0	5.1346494666423069e-31	6.164331746407087e-35	0.64926170008999673	0.64926170008999673	1	BREAST CANCER,LYMPHOBLASTOID CELL LINE
example-TRNA	13	46090371	A	G	1	5	2	6	6	8	0.0	51.20890859292207	0.0	0.0	2.22657034756269	2.3068302729618341e-09	2.2517341770895608e-06	0.39526367187500022	1.0	0.39526367187500022	5.2427960749132595e-09	4.5336929740058272e-06	0.5988843513257579	1	0.5988843513257579	BREAST CANCER,LYMPHOBLASTOID CELL LINE
