AlignedReads	CHROM	POS	REF	ALT	SNPCountForward	SNPCountReverse	RefCountForward	RefCountReverse	SNPCount	RefCount	HomoVarSc	HetSc	HomoRefSc	VarDomSc	RefDomSc	NotHomoVarpV	NotHomoRefpV	NotHetpV	VarDompV	RefDompV	NotHomoVarFDR	NotHomoRefFDR	NotHetFDR	VarDomFDR	RefDomFDR
example-GDNA	14	74340797	A	T	14	12	18	13	26	31	0.0	96.66247597439482	0.0	0.0	3.3375240256051764	5.8302316142427808e-49	1.2819471843338093e-38	0.29832088018654118	1.0	0.29832088018654118	2.8210798133432809e-48	5.4166782436639837e-38	0.46371121272519356	1	0.46371121272519356
example-SDNA	14	74340797	A	T	16	12	4	4	28	8	0.0	43.832045581163	0.0	29.620237073352797	0.0	1.957013547713032e-08	5.9384626194599049e-46	0.00059662148123607083	0.00059662148123607083	1.0	4.516185110106997e-08	2.6993011906635933e-45	0.0010913807583586661	0.0010913807583586661	1
example-NRNA	14	74340797	A	T	15	16	15	18	31	33	0.0	98.10502591642904	0.0	0.0	1.8949740835709619	1.483952523184764e-52	2.5489500498970598e-48	0.45032662312601618	1.0	0.45032662312601618	7.5455213043293082e-52	1.1764384845678738e-47	0.64640185137705664	1	0.64640185137705664
example-TRNA	14	74340797	A	T	20	24	0	0	44	0	100.0	0.0	0.0	100.0	0.0	1.0	3.9204470878594906e-87	5.6843418860808015e-14	5.6843418860808015e-14	1.0	1	2.8686198203849928e-86	1.522591576628786e-13	1.522591576628786e-13	1

example-GDNA	5	31423007	T	C	46	115	24	60	161	84	0.0	40.092687484359786	0.0	59.907312515640214	0.0	5.2920068225207088e-160	0.0	4.9375953564417406e-07	4.9375953564417406e-07	1.0	6.6150085281508862e-159	0.0	1.0215714530569119e-06	1.0215714530569119e-06	1
example-SDNA	5	31423007	T	C	22	24	6	5	46	11	0.0	45.17189528784465	0.0	54.82810471215535	0.0	2.0879156292855171e-12	8.3110839886797299e-85	1.6559423811901559e-06	1.6559423811901559e-06	1.0	5.494514813909255e-12	5.9364885633426635e-84	3.2899517507089191e-06	3.2899517507089191e-06	1
example-NRNA	5	31423007	T	C	5	31	3	30	36	33	0.0	97.79501995796673	0.0	2.204980042033276	0.0	3.902569672279688e-52	1.3905159577916928e-58	0.40497452645946203	0.40497452645946203	1.0	1.9512848361398439e-51	7.584632497045598e-58	0.6018690287773244	0.6018690287773244	1
example-TRNA	5	31423007	T	C	4	33	0	0	37	0	100.0	0.0	0.0	100.0	0.0	1.0	9.8287819507505136e-71	7.2759576141834275e-12	7.2759576141834275e-12	1.0	1	5.8972691704503085e-70	1.8342750287857379e-11	1.8342750287857379e-11	1

