AlignedReads	CHROM	POS	REF	ALT	SNVCountForward	SNVCountReverse	RefCountForward	RefCountReverse	SNVCount	RefCount	HomoVarSc	HetSc	HomoRefSc	VarDomSc	RefDomSc	NotHomoVarpV	NotHomoRefpV	NotHetpV	VarDompV	RefDompV	NotHomoVarFDR	NotHomoRefFDR	NotHetFDR	VarDomFDR	RefDomFDR
example-GDNA	5	31423007	T	C	47	120	24	60	167	84	0.0	32.812459723662855	0.0	67.18754027633715	0.0	8.3428086226848283e-160	0.0	8.8540000052575941e-08	8.8540000052575941e-08	1.0	9.2697873585386985e-159	0.0	1.9109352529332936e-07	1.9109352529332936e-07	1
example-SDNA	5	31423007	T	C	23	25	6	5	48	11	0.0	41.117203438885696	0.0	58.882796561114304	0.0	2.1876512915846294e-12	1.8330507221625186e-89	6.2081411308922974e-07	6.2081411308922974e-07	1.0	5.5618253175880401e-12	1.278872596857571e-88	1.2933627356025619e-06	1.2933627356025619e-06	1
example-NRNA	5	31423007	T	C	5	31	3	30	36	33	0.0	97.81646664263262	0.0	2.1835333573673834	0.0	3.902569672279688e-52	1.3905159577916928e-58	0.40497452645946203	0.40497452645946203	1.0	1.8011860025906253e-51	7.1923239196122043e-58	0.60484857842473694	0.60484857842473694	1
example-TRNA	5	31423007	T	C	4	33	0	0	37	0	100.0	0.0	0.0	100.0	0.0	1.0	9.8287819507505136e-71	7.2759576141834275e-12	7.2759576141834275e-12	1.0	1	5.5634614815568948e-70	1.7746238083374212e-11	1.7746238083374212e-11	1
example-GDNA	14	74340797	A	T	17	13	18	13	30	31	0.0	98.49755398126929	0.0	0.0	1.5024460187307027	1.4281963287547208e-48	1.7861443614432505e-46	0.49999999999999978	1.0	0.49999999999999978	6.2095492554553073e-48	7.3403192936023993e-46	0.7075471698113206	1	0.7075471698113206
example-SDNA	14	74340797	A	T	16	13	4	4	29	8	0.0	41.933466388338935	0.0	31.539990157096888	0.0	2.0223990808953688e-08	4.7055337130675677e-48	0.00037644853000529127	0.00037644853000529127	1.0	4.4942201797674863e-08	2.0166573056003862e-47	0.00070145688820861727	0.00070145688820861727	1
example-NRNA	14	74340797	A	T	18	17	15	18	35	33	0.0	98.1819898519703	0.0	1.8180101480296935	0.0	3.2627070146678924e-52	1.687306615834248e-56	0.45179867284175662	0.45179867284175662	1.0	1.5660730723194361e-51	8.5795251652588879e-56	0.65795923229382036	0.65795923229382036	1
example-TRNA	14	74340797	A	T	23	25	0	0	48	0	100.0	0.0	0.0	100.0	0.0	1.0	1.0000000000000009e-96	3.5527136788005009e-15	3.5527136788005009e-15	1.0	1	7.500000000000007e-96	9.6892191240013655e-15	9.6892191240013655e-15	1
