AlignedReads	CHROM	POS	REF	ALT	SNVCountForward	SNVCountReverse	RefCountForward	RefCountReverse	SNVCount	RefCount	HomoVarSc	HetSc	HomoRefSc	VarDomSc	RefDomSc	NotHomoVarpV	NotHomoRefpV	NotHetpV	VarDompV	RefDompV	NotHomoVarFDR	NotHomoRefFDR	NotHetFDR	VarDomFDR	RefDomFDR
example-GDNA	10	81272814	G	C	8	11	5	20	19	25	0.0	95.68183282415829	0.0	0.0	4.318167175841712	3.3045154965374319e-30	2.4367884085600975e-20	0.22569041619806271	1.0	0.22569041619806271	1.0435312094328733e-29	7.0974419666798964e-20	0.36998428884928314	1	0.36998428884928314
example-SDNA	10	81272814	G	C	12	33	14	37	45	51	0.0	96.80436326710438	0.0	0.0	3.1956367328956157	5.3066406866738702e-90	2.9212705104221068e-76	0.30503413305258859	1.0	0.30503413305258859	3.7904576333384789e-89	1.788532965564555e-75	0.47911120374752136	1	0.47911120374752136
example-NRNA	10	81272814	G	C	0	0	64	214	0	278	0.0	0.0	100.0	0.0	100.0	0.0	1.0	2.0590230357870808e-84	1.0	2.0590230357870808e-84	0.0	1	1.3142700228428176e-83	1	1.3142700228428176e-83
example-TRNA	10	81272814	G	C	0	0	67	257	0	324	0.0	0.0	100.0	0.0	100.0	0.0	1.0	2.926047721683019e-98	1.0	2.926047721683019e-98	0.0	1	2.2508059397561682e-97	1	2.2508059397561682e-97
example-GDNA	17	21217513	G	A	7	18	28	38	25	66	0.0	53.01386054174435	0.0	0.0	46.98613945825565	2.2853321836937963e-128	2.0802212640000265e-35	1.014164460407278e-05	1.0	1.014164460407278e-05	2.0164695738474674e-127	7.5188720385543127e-35	2.0016403823827855e-05	1	2.0016403823827855e-05
example-SDNA	17	21217513	G	A	4	5	5	7	9	12	0.0	89.52041559591015	0.0	0.0	2.875440904937877	2.7287080753959436e-15	2.5151528955382833e-10	0.33181190490722628	1.0	0.33181190490722628	7.5797446538776217e-15	5.7598921271869079e-10	0.51576980037392683	1	0.51576980037392683
example-NRNA	17	21217513	G	A	0	0	42	92	0	134	0.0	0.0	100.0	0.0	100.0	0.0	1.0	4.5917748078995606e-41	1.0	4.5917748078995606e-41	0.0	1	1.7660672338075233e-40	1	1.7660672338075233e-40
example-TRNA	17	21217513	G	A	0	0	50	59	0	109	0.0	0.0	100.0	0.0	100.0	1.7681771946243056e-256	1.0	1.5407439555097887e-33	1.0	1.5407439555097887e-33	3.5363543892486114e-255	1	5.3746882168946117e-33	1	5.3746882168946117e-33
