AlignedReads	CHROM	POS	REF	ALT	SNPCountForward	SNPCountReverse	RefCountForward	RefCountReverse	SNPCount	RefCount	HomoVarSc	HetSc	HomoRefSc	VarDomSc	RefDomSc	NotHomoVarpV	NotHomoRefpV	NotHetpV	VarDompV	RefDompV	NotHomoVarFDR	NotHomoRefFDR	NotHetFDR	VarDomFDR	RefDomFDR	Gene	Site	Sub_Site	Cancer_Type
example-GDNA	11	64575553	G	A	0	0	0	15	0	15	0.0	0.0	42.369857671944786	0.0	42.369857671944786	1.066144926023537e-23	1.0	3.0517578125e-05	1.0	3.0517578125e-05	3.4391771807210869e-23	1	5.7944768591772149e-05	1	5.7944768591772149e-05	NA	NA	NA	NA
example-SDNA	11	64575553	G	A	0	10	1	7	10	8	0.0	76.85863889516173	0.0	2.204980042033276	0.0	5.334657747273125e-09	3.4724735146237596e-12	0.40726470947265619	0.40726470947265619	1.0	1.240618080761192e-08	9.0586265598880696e-12	0.6018690287773244	0.6018690287773244	1	NA	NA	NA	NA
example-NRNA	11	64575553	G	A	0	0	12	32	0	44	0.0	0.0	100.0	0.0	100.0	3.9204470878594906e-87	1.0	5.6843418860808015e-14	1.0	5.6843418860808015e-14	2.8686198203849928e-86	1	1.522591576628786e-13	1	1.522591576628786e-13	NA	NA	NA	NA
example-TRNA	11	64575553	G	A	0	9	1	5	9	6	0.0	49.636235282089665	0.0	3.32996532203427	0.0	2.5760252503323282e-06	7.0183851572159515e-11	0.30361938476562506	0.30361938476562506	1.0	5.0510299026124081e-06	1.7545962893039879e-10	0.46451898434404354	0.46451898434404354	1	NA	NA	NA	NA

example-GDNA	9	87366922	G	A	0	0	276	186	0	462	0.0	0.0	100.0	0.0	100.0	0.0	1.0	8.3973451344583118e-140	1.0	8.3973451344583118e-140	0.0	1	8.9971555012053341e-139	1	8.9971555012053341e-139	NA	NA	NA	NA
example-SDNA	9	87366922	G	A	35	47	58	60	82	118	0.0	80.6137164786139	0.0	0.0	19.38628352138611	8.1036441611972905e-251	5.0171087357413499e-157	0.006565177970265278	1.0	0.006565177970265278	1.7364951773994193e-249	6.0205304828896194e-156	0.011517856088184699	1	0.011517856088184699	NA	NA	NA	NA
example-NRNA	9	87366922	G	A	0	0	91	14	0	105	0.0	0.0	100.0	0.0	100.0	2.025600513042127e-245	1.0	2.4651903288156619e-32	1.0	2.4651903288156619e-32	3.7980009619539881e-244	1	9.018989007862178e-32	1	9.018989007862178e-32	NA	NA	NA	NA
example-TRNA	9	87366922	G	A	2	2	15	2	4	17	0.0	5.536856216360324	0.0	0.0	21.946210088462177	2.9795222662270521e-25	0.0009937761870797493	0.0035986900329589852	1.0	0.0035986900329589852	9.8226008776716012e-25	0.0017852266833767953	0.0063882071590987905	1	0.0063882071590987905	NA	NA	NA	NA

