AlignedReads	CHROM	POS	REF	ALT	SNVCountForward	SNVCountReverse	RefCountForward	RefCountReverse	SNVCount	RefCount	HomoVarSc	HetSc	HomoRefSc	VarDomSc	RefDomSc	NotHomoVarpV	NotHomoRefpV	NotHetpV	VarDompV	RefDompV	NotHomoVarFDR	NotHomoRefFDR	NotHetFDR	VarDomFDR	RefDomFDR
example-GDNA	6	57512678	G	A	50	200	34	202	250	236	0.0	96.48888060066407	0.0	3.5111193993359318	0.0	0.0	0.0	0.2777208027319733	0.2777208027319733	1.0	0.0	0.0	0.44554139475717647	0.44554139475717647	1
example-SDNA	6	57512678	G	A	10	60	14	47	70	61	0.0	95.94410665577672	0.0	4.055893344223272	0.0	1.2990490057125855e-110	2.0135796625735777e-132	0.24236010906426514	0.24236010906426514	1.0	1.0825408380938211e-109	1.8305269659759796e-131	0.39301639307718672	0.39301639307718672	1
example-NRNA	6	57512678	G	A	19	15	0	0	34	0	98.54808610863755	0.0	0.0	98.54808610863755	0.0	1.0	7.0907981274302247e-64	5.820766091346742e-11	5.820766091346742e-11	1.0	1	3.9393322930167915e-63	1.396983861923218e-10	1.396983861923218e-10	1
example-TRNA	6	57512678	G	A	19	32	0	0	51	0	100.0	0.0	0.0	100.0	0.0	1.0	5.1215435676123336e-104	4.4408920985006262e-16	4.4408920985006262e-16	1.0	1	4.1526028926586488e-103	1.25685625429263e-15	1.25685625429263e-15	1
example-GDNA	11	11373960	C	T	11	17	14	11	28	25	0.0	97.77342965243731	0.0	2.22657034756269	0.0	6.5249394588478928e-37	5.0284525187307593e-43	0.39192315110474918	0.39192315110474918	1.0	2.4778251109548959e-36	2.0113810074923037e-42	0.5988843513257579	0.5988843513257579	1
example-SDNA	11	11373960	C	T	23	28	40	37	51	77	0.0	83.75287550813793	0.0	0.0	16.247124491862063	1.5717957351075605e-150	8.7817676340202855e-88	0.013367586427987731	1.0	0.013367586427987731	1.6259955880423039e-149	5.9875688413774676e-87	0.023729443363291827	1	0.023729443363291827
example-NRNA	11	11373960	C	T	134	39	2	0	173	2	91.79942187763649	0.0	0.0	100.0	0.0	0.088279320512530401	0.0	3.2158788515722474e-49	3.2158788515722474e-49	1.0	0.15133597802148069	0.0	1.4187700815759916e-48	1.4187700815759916e-48	1
example-TRNA	11	11373960	C	T	147	53	0	0	200	0	100.0	0.0	0.0	100.0	0.0	1.0	0.0	6.2230152778605904e-61	6.2230152778605904e-61	1.0	1	0.0	3.3337581845681734e-60	3.3337581845681734e-60	1
