AlignedReads	CHROM	POS	REF	ALT	SNVCountForward	SNVCountReverse	RefCountForward	RefCountReverse	SNVCount	RefCount	HomoVarSc	HetSc	HomoRefSc	VarDomSc	RefDomSc	NotHomoVarpV	NotHomoRefpV	NotHetpV	VarDompV	RefDompV	NotHomoVarFDR	NotHomoRefFDR	NotHetFDR	VarDomFDR	RefDomFDR
example-GDNA	16	71487206	T	C	30	36	21	33	66	54	0.0	94.17141201479697	0.0	5.828587985203027	0.0	4.91570893613497e-95	1.1577210543005671e-123	0.15765165041612914	0.15765165041612914	1.0	3.5968601971719296e-94	9.9233233225762894e-123	0.26130107803778307	0.26130107803778307	1
example-SDNA	16	71487206	T	C	5	6	7	5	11	12	0.0	98.49755398126929	0.0	0.0	1.5024460187307027	4.5122471985925069e-15	2.2180468232566349e-13	0.49999999999999994	1.0	0.49999999999999994	1.2195262698898667e-14	5.8886198847521284e-13	0.7075471698113206	1	0.7075471698113206
example-NRNA	16	71487206	T	C	2	5	5	3	7	8	0.0	65.2101438977512	0.0	0.0	1.5024460187307027	2.9940829054663203e-09	9.9482751683973614e-08	0.49999999999999983	1.0	0.49999999999999983	6.7535704634578654e-09	2.1317732503708632e-07	0.7075471698113206	1	0.7075471698113206
example-TRNA	16	71487206	T	C	0	0	3	7	0	10	0.0	0.0	27.453663063241073	0.0	27.453663063241073	1.5772029579086489e-14	1.0	0.0009765625	1.0	0.0009765625	4.2246507801124519e-14	1	0.0017973542944785276	1	0.0017973542944785276
example-GDNA	X	107159291	C	A	47	44	30	43	91	73	0.0	91.93365277180267	0.0	8.066347228197333	0.0	3.7570823489913947e-137	1.6495776543078005e-182	0.092091021183419469	0.092091021183419469	1.0	3.5222647021794323e-136	2.0619720678847509e-181	0.1560864765820669	0.1560864765820669	1.0
example-SDNA	X	107159291	C	A	49	52	91	98	101	189	0.0	34.46717761460012	0.0	0.0	65.53282238539988	0.0	3.5643942882199393e-200	1.3239904457111786e-07	1.0	1.3239904457111786e-07	0.0	5.091991840314199e-199	2.7971629134743207e-07	1	2.7971629134743207e-07
example-NRNA	X	107159291	C	A	12	7	12	7	19	19	0.0	100.0	0.0	0.0	0.0	1.9546741630986961e-26	1.9546741630986961e-26	1.0	1.0	1.0	6.0453840095835967e-26	6.0453840095835967e-26	1	1	1
example-TRNA	X	107159291	C	A	0	0	10	5	0	15	0.0	0.0	42.314532785945175	0.0	42.314532785945175	1.066144926023537e-23	1.0	3.0517578125e-05	1.0	3.0517578125e-05	3.1984347780706109e-23	1	5.8687650240384617e-05	1	5.8687650240384617e-05
