AlignedReads	CHROM	POS	REF	ALT	SNVCountForward	SNVCountReverse	RefCountForward	RefCountReverse	SNVCount	RefCount	HomoVarSc	HetSc	HomoRefSc	VarDomSc	RefDomSc	NotHomoVarpV	NotHomoRefpV	NotHetpV	VarDompV	RefDompV	NotHomoVarFDR	NotHomoRefFDR	NotHetFDR	VarDomFDR	RefDomFDR
example-GDNA	1	36886117	C	T	62	32	70	53	94	123	0.0	86.94547461574223	0.0	0.0	13.05452538425778	1.6697574057283478e-262	6.2682976312661617e-186	0.028541205331999955	1.0	0.028541205331999955	3.5780515837036026e-261	8.1760403886080376e-185	0.049493419650866975	1	0.049493419650866975
example-SDNA	1	36886117	C	T	21	19	1	1	40	2	84.70197555832605	0.0	0.0	93.17180102340052	0.0	0.082498385044122657	1.3996289974742199e-75	2.0554580260068186e-10	2.0554580260068186e-10	1.0	0.14223859490365975	8.2331117498483525e-75	4.8174797484534813e-10	4.8174797484534813e-10	1
example-NRNA	1	36886117	C	T	17	15	11	11	32	22	0.0	92.66308894375167	0.0	7.336911056248328	0.0	4.9024678124711915e-31	1.7152485722895229e-51	0.11016424708830562	0.11016424708830562	1.0	1.6341559374903971e-30	7.7965844194978315e-51	0.18463281634911557	0.18463281634911557	1
example-TRNA	1	36886117	C	T	8	4	0	0	12	0	33.36635817568563	0.0	0.0	33.36635817568563	0.0	1.0	4.3062934761648682e-18	0.000244140625	0.000244140625	1.0	1	1.2422000412014043e-17	0.00046064268867924529	0.00046064268867924529	1
