AlignedReads	CHROM	POS	REF	ALT	SNVCountForward	SNVCountReverse	RefCountForward	RefCountReverse	SNVCount	RefCount	HomoVarSc	HetSc	HomoRefSc	VarDomSc	RefDomSc	NotHomoVarpV	NotHomoRefpV	NotHetpV	VarDompV	RefDompV	NotHomoVarFDR	NotHomoRefFDR	NotHetFDR	VarDomFDR	RefDomFDR	DARNED Cancer_Type
example-GDNA	19	54659124	G	A	0	0	6	26	0	32	0.0	0.0	92.69781958834571	0.0	92.69781958834571	2.2893637053100784e-59	1.0	2.3283064365386963e-10	1.0	2.3283064365386963e-10	1.2049282659526728e-58	1	5.3730148535508371e-10	1	5.3730148535508371e-10	
example-SDNA	19	54659124	G	A	0	0	8	12	0	20	0.0	0.0	57.07831514344398	0.0	57.07831514344398	1.3519059214026471e-33	1.0	9.5367431640625e-07	1.0	9.5367431640625e-07	4.8282354335808827e-33	1	1.9596047597388701e-06	1	1.9596047597388701e-06	
example-NRNA	19	54659124	G	A	0	0	24	76	0	100	0.0	0.0	100.0	0.0	100.0	1.0888881145395568e-231	1.0	7.8886090522101163e-31	1.0	7.8886090522101163e-31	1.7192970229571949e-230	1	2.5176411868755692e-30	1	2.5176411868755692e-30	
example-TRNA	19	54659124	G	A	16	30	28	76	46	104	0.0	43.98804726507081	0.0	0.0	56.01195273492919	5.2417907291172529e-220	4.4228915935559963e-76	1.2357914529079647e-06	1.0	1.2357914529079647e-06	7.8626860936758786e-219	2.6537349561335978e-75	2.5049826748134419e-06	1	2.5049826748134419e-06	
