AlignedReads	CHROM	POS	REF	ALT	SNVCountForward	SNVCountReverse	RefCountForward	RefCountReverse	SNVCount	RefCount	R	HomoVarSc	HetSc	HomoRefSc	VarDomSc	RefDomSc	NotHomoVarpV	NotHomoRefpV	NotHetpV	VarDompV	RefDompV	NotHomoVarFDR	NotHomoRefFDR	NotHetFDR	VarDomFDR	RefDomFDR
example-GDNA	10	81272814	G	C	8	11	5	20	19	25	0.4318181818181818	0.0	95.69371503353764	0.0	0.0	4.306284966462353	3.3045154965374319e-30	2.4367884085600975e-20	0.22569041619806271	1.0	0.22569041619806271	1.1662995870132112e-29	7.8325341703717418e-20	0.37099794443517153	1	0.37099794443517153
example-SDNA	10	81272814	G	C	12	33	14	37	45	51	0.46875	0.0	96.80815457665902	0.0	0.0	3.1918454233409728	5.3066406866738702e-90	2.9212705104221068e-76	0.30503413305258859	1.0	0.30503413305258859	4.1530231460925943e-89	1.9842592146263368e-75	0.47952964148005189	1	0.47952964148005189
example-NRNA	10	81272814	G	C	0	0	64	214	0	278	0.0	0.0	0.0	100.0	0.0	100.0	0.0	1.0	2.0590230357870808e-84	1.0	2.0590230357870808e-84	0.0	1	1.4534280252614689e-83	1	1.4534280252614689e-83
example-TRNA	10	81272814	G	C	0	0	67	257	0	324	0.0	0.0	0.0	100.0	0.0	100.0	0.0	1.0	2.926047721683019e-98	1.0	2.926047721683019e-98	0.0	1	2.4497143716415973e-97	1	2.4497143716415973e-97
example-GDNA	17	21217513	G	A	7	18	28	38	25	66	0.27472527472527475	0.0	53.168982203526824	0.0	0.0	46.831017796473176	2.2853321836937963e-128	2.0802212640000265e-35	1.014164460407278e-05	1.0	1.014164460407278e-05	2.2853321836937965e-127	8.607812126896662e-35	2.074427305378523e-05	1	2.074427305378523e-05
example-SDNA	17	21217513	G	A	4	5	5	7	9	12	0.42857142857142855	0.0	89.26977308445836	0.0	0.0	2.8641751533053332	2.7287080753959436e-15	2.5151528955382833e-10	0.33181190490722628	1.0	0.33181190490722628	8.1184703069631383e-15	6.1179394756336614e-10	0.51710946219307996	1	0.51710946219307996
example-NRNA	17	21217513	G	A	0	0	42	92	0	134	0.0	0.0	0.0	100.0	0.0	100.0	0.0	1.0	4.5917748078995606e-41	1.0	4.5917748078995606e-41	0.0	1	2.015901135175417e-40	1	2.015901135175417e-40
example-TRNA	17	21217513	G	A	0	0	50	59	0	109	0.0	0.0	0.0	100.0	0.0	100.0	1.7681771946243056e-256	1.0	1.5407439555097887e-33	1.0	1.5407439555097887e-33	4.2436252670983334e-255	1	6.1629758220391547e-33	1	6.1629758220391547e-33
