AlignedReads	CHROM	POS	REF	ALT	SNPCountForward	SNPCountReverse	RefCountForward	RefCountReverse	SNPCount	RefCount	HomoVarSc	HetSc	HomoRefSc	VarDomSc	RefDomSc	NotHomoVarpV	NotHomoRefpV	NotHetpV	VarDompV	RefDompV	NotHomoVarFDR	NotHomoRefFDR	NotHetFDR	VarDomFDR	RefDomFDR
example-GDNA	11	11373960	C	T	7	12	14	11	19	25	0.0	95.49601004898531	0.0	0.0	4.503989951014693	9.2785530912910728e-38	5.2994303919164826e-26	0.22569041619806271	1.0	0.22569041619806271	3.8660637880379472e-37	1.7664767973054942e-25	0.354487564708999	1	0.354487564708999
example-SDNA	11	11373960	C	T	17	21	40	37	38	77	0.0	65.17276139894969	0.0	0.0	34.82723860105031	1.2198701657388368e-152	2.6060343194415887e-60	0.00017549908956863774	1.0	0.00017549908956863774	1.407542498929427e-151	1.5329613643774054e-59	0.00032906079294119577	1	0.00032906079294119577
example-NRNA	11	11373960	C	T	133	38	2	0	171	2	91.74898908367493	0.0	0.0	100.0	0.0	0.088257357469162537	0.0	1.2572017005096465e-48	1.2572017005096465e-48	1.0	0.14958874147315684	0.0	5.8931329711389672e-48	5.8931329711389672e-48	1
example-TRNA	11	11373960	C	T	146	50	0	0	196	0	100.0	0.0	0.0	100.0	0.0	1.0	0.0	9.9568244445787155e-60	9.9568244445787155e-60	1.0	1	0.0	5.6359383648558764e-59	5.6359383648558764e-59	1

example-GDNA	6	57512678	G	A	41	99	34	202	140	236	0.0	39.534029887789686	0.0	0.0	60.465970112210314	0.0	2.0248351259274473e-297	4.2218310215227536e-07	1.0	4.2218310215227536e-07	0.0	5.5222776161657651e-296	8.9826191947292631e-07	1	8.9826191947292631e-07
example-SDNA	6	57512678	G	A	8	39	14	47	47	61	0.0	92.47038356951802	0.0	0.0	7.529616430481979	1.0584145776485005e-112	6.192908571267778e-80	0.10538289698939116	1.0	0.10538289698939116	9.338952155722064e-112	4.1286057141785188e-79	0.17661938042914718	1	0.17661938042914718
example-NRNA	6	57512678	G	A	14	6	0	0	20	0	57.16664926972235	0.0	0.0	57.16664926972235	0.0	1.0	1.3519059214026471e-33	9.5367431640625e-07	9.5367431640625e-07	1.0	1	5.1996381592409503e-33	1.9201496303481546e-06	1.9201496303481546e-06	1
example-TRNA	6	57512678	G	A	9	21	0	0	30	0	86.54149160317334	0.0	0.0	86.54149160317334	0.0	1.0	6.5253044679985274e-55	9.3132257461547893e-10	9.3132257461547893e-10	1.0	1	3.4956988221420682e-54	2.2174347014654258e-09	2.2174347014654258e-09	1

