AlignedReads	CHROM	POS	REF	ALT	SNVCountForward	SNVCountReverse	RefCountForward	RefCountReverse	SNVCount	RefCount	R	HomoVarSc	HetSc	HomoRefSc	VarDomSc	RefDomSc	NotHomoVarpV	NotHomoRefpV	NotHetpV	VarDompV	RefDompV	NotHomoVarFDR	NotHomoRefFDR	NotHetFDR	VarDomFDR	RefDomFDR	COSMIC Gene	COSMIC Site	COSMIC Sub_Site	COSMIC Cancer_Type
example-GDNA	11	64575553	G	A	0	0	0	15	0	15	0.0	0.0	0.0	41.71491738753925	0.0	41.71491738753925	1.066144926023537e-23	1.0	3.0517578125e-05	1.0	3.0517578125e-05	4.21499156800003e-23	1	6.737647118506494e-05	1	6.737647118506494e-05	MEN1	breast	NS	carcinoma
example-SDNA	11	64575553	G	A	0	10	1	7	10	8	0.5555555555555556	0.0	76.14192245247294	0.0	2.2413228885842162	0.0	5.334657747273124e-09	3.4724735146237596e-12	0.40726470947265614	0.40726470947265614	1.0	1.4510269072582897e-08	1.093186106455628e-11	0.5968534535375134	0.5968534535375134	1	MEN1	breast	NS	carcinoma
example-NRNA	11	64575553	G	A	0	0	0	28	0	28	0.0	0.0	0.0	79.89549441766204	0.0	79.89549441766204	1.6284146065477178e-50	1.0	3.7252902984619132e-09	1.0	3.7252902984619132e-09	1.0446433325023095e-49	1	1.0243551571128215e-08	1	1.0243551571128215e-08	MEN1	breast	NS	carcinoma
example-TRNA	11	64575553	G	A	0	7	0	1	7	1	0.875	9.04893314082739	0.0	0.0	11.896902672332834	0.0	0.33657956871093775	5.9765625000000015e-09	0.03515625	0.03515625	1.0	0.5190426515955779	1.612723214285715e-08	0.06461148648648649	0.06461148648648649	1	MEN1	breast	NS	carcinoma
