AlignedReads	CHROM	POS	REF	ALT	SNVCountForward	SNVCountReverse	RefCountForward	RefCountReverse	SNVCount	RefCount	R	HomoVarSc	HetSc	HomoRefSc	VarDomSc	RefDomSc	NotHomoVarpV	NotHomoRefpV	NotHetpV	VarDompV	RefDompV	NotHomoVarFDR	NotHomoRefFDR	NotHetFDR	VarDomFDR	RefDomFDR	DARNED Cancer_Type
example-GDNA	1	7890010	A	G	0	0	14	20	0	34	0.0	0.0	0.0	97.48863914319762	0.0	97.48863914319762	7.090798127430225e-64	1.0	5.820766091346742e-11	1.0	5.820766091346742e-11	5.24102470288321e-63	1	1.7829373613134165e-10	1	1.7829373613134165e-10	
example-SDNA	1	7890010	A	G	0	0	94	61	0	155	0.0	0.0	0.0	100.0	0.0	100.0	0.0	1.0	2.1895288505075262e-47	1.0	2.1895288505075262e-47	0.0	1	1.353526925768289e-46	1	1.353526925768289e-46	
example-NRNA	1	7890010	A	G	32	4	54	29	36	83	0.3025210084033613	0.0	53.49781031498243	0.0	0.0	46.50218968501757	4.559641400774315e-168	4.140174658564747e-56	9.805920836875645e-06	1.0	9.805920836875645e-06	7.382276553634605e-167	2.8727742528816614e-55	2.2375926741863888e-05	1	2.2375926741863888e-05	
example-TRNA	1	7890010	A	G	12	1	16	8	13	24	0.35135135135135137	0.0	89.4676753974229	0.0	0.0	10.53232460257711	1.1791542144142694e-36	6.7574454441971745e-16	0.04943587479647248	1.0	0.04943587479647248	5.895771072071347e-36	2.418454158975831e-15	0.08846419700421392	1	0.08846419700421392	
