AlignedReads	CHROM	POS	REF	ALT	SNVCountForward	SNVCountReverse	RefCountForward	RefCountReverse	SNVCount	RefCount	R	HomoVarSc	HetSc	HomoRefSc	VarDomSc	RefDomSc	NotHomoVarpV	NotHomoRefpV	NotHetpV	VarDompV	RefDompV	NotHomoVarFDR	NotHomoRefFDR	NotHetFDR	VarDomFDR	RefDomFDR	DARNED Cancer_Type
example-GDNA	19	54659124	G	A	0	0	6	26	0	32	0.0	0.0	0.0	92.43974695228287	0.0	92.43974695228287	2.2893637053100784e-59	1.0	2.3283064365386963e-10	1.0	2.3283064365386963e-10	1.3510998916584069e-58	1	5.7019749466253788e-10	1	5.7019749466253788e-10	
example-SDNA	19	54659124	G	A	0	0	8	12	0	20	0.0	0.0	0.0	56.89606694238199	0.0	56.89606694238199	1.3519059214026471e-33	1.0	9.5367431640625e-07	1.0	9.5367431640625e-07	5.5305242239199198e-33	1	2.0435878208705357e-06	1	2.0435878208705357e-06	
example-NRNA	19	54659124	G	A	0	0	24	76	0	100	0.0	0.0	0.0	100.0	0.0	100.0	1.0888881145395568e-231	1.0	7.8886090522101163e-31	1.0	7.8886090522101163e-31	1.9599986061712023e-230	1	2.811781444352121e-30	1	2.811781444352121e-30	
example-TRNA	19	54659124	G	A	16	30	28	76	46	104	0.30666666666666664	0.0	44.1779876657139	0.0	0.0	55.8220123342861	5.2417907291172529e-220	4.4228915935559963e-76	1.2357914529079647e-06	1.0	1.2357914529079647e-06	8.5774757385555047e-219	2.9485943957039977e-75	2.6169701355698074e-06	1	2.6169701355698074e-06	
