AlignedReads	CHROM	POS	REF	ALT	SNVCountForward	SNVCountReverse	RefCountForward	RefCountReverse	SNVCount	RefCount	R	HomoVarSc	HetSc	HomoRefSc	VarDomSc	RefDomSc	NotHomoVarpV	NotHomoRefpV	NotHetpV	VarDompV	RefDompV	NotHomoVarFDR	NotHomoRefFDR	NotHetFDR	VarDomFDR	RefDomFDR
example-GDNA	1	36886117	C	T	62	32	70	53	94	123	0.43317972350230416	0.0	86.95804465293725	0.0	0.0	13.041955347062755	1.6697574057283478e-262	6.2682976312661617e-186	0.028541205331999955	1.0	0.028541205331999955	4.2936619004443229e-261	9.0263485890232727e-185	0.049636878838260796	1	0.049636878838260796
example-SDNA	1	36886117	C	T	21	19	1	1	40	2	0.9523809523809523	84.4684150173955	0.0	0.0	92.92156888879533	0.0	0.082498385044122657	1.3996289974742199e-75	2.0554580260068186e-10	2.0554580260068186e-10	1.0	0.14278566642251997	9.1612079834676221e-75	5.1032061335341707e-10	5.1032061335341707e-10	1
example-NRNA	1	36886117	C	T	17	15	11	11	32	22	0.5925925925925926	0.0	92.69963567963947	0.0	7.300364320360526	0.0	4.9024678124711915e-31	1.7152485722895229e-51	0.11016424708830562	0.11016424708830562	1.0	1.8194725901954938e-30	8.8212783717746898e-51	0.1861930936703757	0.1861930936703757	1
example-TRNA	1	36886117	C	T	8	4	0	0	12	0	1.0	33.208752702100234	0.0	0.0	33.208752702100234	0.0	1.0	4.3062934761648682e-18	0.000244140625	0.000244140625	1.0	1	1.3598821503678531e-17	0.00047766644021739131	0.00047766644021739131	1
