AlignedReads	CHROM	POS	REF	ALT	SNVCountForward	SNVCountReverse	RefCountForward	RefCountReverse	SNVCount	RefCount	R	HomoVarSc	HetSc	HomoRefSc	VarDomSc	RefDomSc	NotHomoVarpV	NotHomoRefpV	NotHetpV	VarDompV	RefDompV	NotHomoVarFDR	NotHomoRefFDR	NotHetFDR	VarDomFDR	RefDomFDR
example-GDNA	1	36886117	C	T	62	26	70	45	88	115	0.43349753694581283	0.0	87.9897631466614	0.0	0.0	12.010236853338592	3.2796197687391503e-242	1.0787497015942967e-171	0.03388039674549072	1.0	0.03388039674549072	8.577467087471625e-241	1.930394202852952e-170	0.06294718521020133	1	0.06294718521020133
example-SDNA	1	36886117	C	T	21	16	1	1	37	2	0.9487179487179487	75.30999181679816	0.0	0.0	83.80497869202628	0.0	0.0819386155193005	1.1177127191019297e-68	1.4206307241693141e-09	1.4206307241693141e-09	1.0	0.14141689988102624	8.83772847661991e-68	4.163917639806611e-09	4.163917639806611e-09	1
example-NRNA	1	36886117	C	T	9	1	6	1	10	7	0.5882352941176471	0.0	61.417679045772424	0.0	3.113039251609915	0.0	1.3470775721924967e-07	2.6150022286361868e-12	0.3145294189453125	0.3145294189453125	1.0	3.5231259580419145e-07	8.309352876040219e-12	0.4883105134310788	0.4883105134310788	1
example-TRNA	1	36886117	C	T	3	0	0	0	3	0	1.0	6.726410656136696	0.0	0.0	6.726410656136696	0.0	1.0	0.0010000000000000002	0.125	0.125	1.0	1	0.0020118343195266275	0.2125	0.2125	1
