AlignedReads	CHROM	POS	REF	ALT	SNPCountForward	SNPCountReverse	RefCountForward	RefCountReverse	SNPCount	RefCount	HomoVarSc	HetSc	HomoRefSc	VarDomSc	RefDomSc	NotHomoVarpV	NotHomoRefpV	NotHetpV	VarDompV	RefDompV	NotHomoVarFDR	NotHomoRefFDR	NotHetFDR	VarDomFDR	RefDomFDR
example-GDNA	16	71487206	T	C	29	36	21	33	65	54	0.0	94.56387307368188	0.0	5.43612692631812	0.0	4.2245273902218667e-95	2.6480904817566916e-121	0.17967913195255539	0.17967913195255539	1.0	3.3351532028067371e-94	2.4073549834151741e-120	0.28601401026648199	0.28601401026648199	1
example-SDNA	16	71487206	T	C	5	6	7	5	11	12	0.0	98.47711655616943	0.0	0.0	1.5228834438305658	4.5122471985925069e-15	2.2180468232566349e-13	0.49999999999999994	1.0	0.49999999999999994	1.2770510939412755e-14	5.8886198847521284e-13	0.7042253521126759	1	0.7042253521126759
example-NRNA	16	71487206	T	C	2	5	5	3	7	8	0.0	65.03176380081902	0.0	0.0	1.5228834438305658	2.9940829054663203e-09	9.9482751683973614e-08	0.49999999999999983	1.0	0.49999999999999983	7.017381809686688e-09	2.2107278151994136e-07	0.7042253521126759	1	0.7042253521126759
example-TRNA	16	71487206	T	C	0	0	3	7	0	10	0.0	0.0	27.53286789960204	0.0	27.53286789960204	1.5772029579086489e-14	1.0	0.0009765625	1.0	0.0009765625	4.422064367968174e-14	1	0.0017648719879518073	1	0.0017648719879518073

example-GDNA	X	107159291	C	A	45	42	30	43	87	73	0.0	93.91878647158522	0.0	6.081213528414773	0.0	2.0621403535996496e-137	1.5311443503323369e-172	0.15202993885770558	0.15202993885770558	1.0	2.1332486416548096e-136	2.0879241140895501e-171	0.2465350359854685	0.2465350359854685	1.0
example-SDNA	X	107159291	C	A	47	50	91	98	97	189	0.0	28.150478459558613	0.0	0.0	71.84952154044139	0.0	2.2255426762279575e-190	2.8740910510504094e-08	1.0	2.8740910510504094e-08	0.0	3.5140147519388803e-189	6.5320251160236574e-08	1	6.5320251160236574e-08
example-NRNA	X	107159291	C	A	12	5	12	7	17	19	0.0	98.02826801772873	0.0	0.0	1.9717319822712605	1.2766398046694056e-26	7.2010093691433129e-23	0.43396970021421993	1.0	0.43396970021421993	4.3521811522820646e-26	2.250315427857285e-22	0.63507761006959018	1	0.63507761006959018
example-TRNA	X	107159291	C	A	0	0	10	5	0	15	0.0	0.0	42.369857671944786	0.0	42.369857671944786	1.066144926023537e-23	1.0	3.0517578125e-05	1.0	3.0517578125e-05	3.4391771807210869e-23	1	5.7944768591772149e-05	1	5.7944768591772149e-05

