AlignedReads	CHROM	POS	REF	ALT	SNVCountForward	SNVCountReverse	RefCountForward	RefCountReverse	SNVCount	RefCount	R	HomoVarSc	HetSc	HomoRefSc	VarDomSc	RefDomSc	NotHomoVarpV	NotHomoRefpV	NotHetpV	VarDompV	RefDompV	NotHomoVarFDR	NotHomoRefFDR	NotHetFDR	VarDomFDR	RefDomFDR	DARNED Cancer_Type
example-GDNA	19	54659124	G	A	0	0	6	23	0	29	0.0	0.0	0.0	82.77572203260824	0.0	82.77572203260824	1.0486752169157842e-52	1.0	1.862645149230957e-09	1.0	1.862645149230957e-09	6.991168112771895e-52	1	5.277494589487712e-09	1	5.277494589487712e-09	
example-SDNA	19	54659124	G	A	0	0	6	12	0	18	0.0	0.0	0.0	50.48429007144381	0.0	50.48429007144381	1.4551915228366867e-29	1.0	3.814697265625e-06	1.0	3.814697265625e-06	6.343142535441968e-29	1	8.944807381465516e-06	1	8.944807381465516e-06	
example-NRNA	19	54659124	G	A	0	0	22	56	0	78	0.0	0.0	0.0	100.0	0.0	100.0	1.198509146801208e-172	1.0	3.308722450212111e-24	1.0	3.308722450212111e-24	2.263850610624504e-171	1	1.3234889800848443e-23	1	1.3234889800848443e-23	
example-TRNA	19	54659124	G	A	10	6	22	36	16	58	0.21621621621621623	0.0	40.889902100269204	0.0	0.0	59.110097899730796	1.7208597831093077e-111	5.779700620226544e-20	4.837445568800945e-07	1.0	4.837445568800945e-07	1.8873946008295633e-110	2.1594485833813462e-19	1.2274115622330756e-06	1	1.2274115622330756e-06	
