AlignedReads	CHROM	POS	REF	ALT	SNPCountForward	SNPCountReverse	RefCountForward	RefCountReverse	SNPCount	RefCount	HomoVarSc	HetSc	HomoRefSc	VarDomSc	RefDomSc	NotHomoVarpV	NotHomoRefpV	NotHetpV	VarDompV	RefDompV	NotHomoVarFDR	NotHomoRefFDR	NotHetFDR	VarDomFDR	RefDomFDR	Cancer_Type
example-GDNA	13	46090371	A	G	0	0	47	72	0	119	0.0	0.0	100.0	0.0	100.0	6.292407564117642e-247	1.0	1.5046327690525283e-36	1.0	1.5046327690525283e-36	1.2584815128235284e-245	1	6.0185310762101134e-36	1	6.0185310762101134e-36	BREAST CANCER,LYMPHOBLASTOID CELL LINE
example-SDNA	13	46090371	A	G	0	0	28	46	0	74	0.0	0.0	100.0	0.0	100.0	3.4960246979905627e-162	1.0	5.2939559203393771e-23	1.0	5.2939559203393771e-23	4.5600322147702991e-161	1	1.6717755537913823e-22	1	1.6717755537913823e-22	BREAST CANCER,LYMPHOBLASTOID CELL LINE
example-NRNA	13	46090371	A	G	13	11	6	16	24	22	0.0	98.0607960659106	0.0	1.9392039340894063	0.0	1.523279341770551e-31	1.684917344017937e-35	0.44149795606119779	0.44149795606119779	1.0	5.5058289461586186e-31	6.650989515860278e-35	0.63985211023361999	0.63985211023361999	1	BREAST CANCER,LYMPHOBLASTOID CELL LINE
example-TRNA	13	46090371	A	G	1	5	2	6	6	8	0.0	51.2736029267653	0.0	0.0	2.2484492090444457	2.3068302729618341e-09	2.2517341770895608e-06	0.39526367187500022	1.0	0.39526367187500022	5.4492053692011829e-09	4.4442121916241324e-06	0.5958748822236184	1	0.5958748822236184	BREAST CANCER,LYMPHOBLASTOID CELL LINE

example-GDNA	1	7890010	A	G	0	0	15	22	0	37	0.0	0.0	100.0	0.0	100.0	9.8287819507505136e-71	1.0	7.2759576141834275e-12	1.0	7.2759576141834275e-12	5.8972691704503085e-70	1	1.8342750287857379e-11	1	1.8342750287857379e-11	NA
example-SDNA	1	7890010	A	G	0	0	95	79	0	174	0.0	0.0	100.0	0.0	100.0	0.0	1.0	4.1761948595190066e-53	1.0	4.1761948595190066e-53	0.0	1	2.1601007894063826e-52	1	2.1601007894063826e-52	NA
example-NRNA	1	7890010	A	G	31	4	57	39	35	96	0.0	30.218979083483276	0.0	0.0	69.78102091651672	1.4577120066088502e-172	1.9761549076646746e-43	4.6976586058444669e-08	1.0	4.6976586058444669e-08	2.0824457237269289e-171	8.8484548104388422e-43	1.0517146132487613e-07	1	1.0517146132487613e-07	NA
example-TRNA	1	7890010	A	G	11	1	19	8	12	27	0.0	83.12843020970887	0.0	0.0	16.871569790291137	7.2052300244684542e-43	3.1179564959548553e-14	0.011851351235236512	1.0	0.011851351235236512	3.1787779519713768e-42	8.6609902665412644e-14	0.020551476130467941	1	0.020551476130467941	NA

