AlignedReads	CHROM	POS	REF	ALT	SNVCountForward	SNVCountReverse	RefCountForward	RefCountReverse	SNVCount	RefCount	R	HomoVarSc	HetSc	HomoRefSc	VarDomSc	RefDomSc	NotHomoVarpV	NotHomoRefpV	NotHetpV	VarDompV	RefDompV	NotHomoVarFDR	NotHomoRefFDR	NotHetFDR	VarDomFDR	RefDomFDR
example-GDNA	6	57512678	G	A	50	200	34	202	250	236	0.51440329218107	0.0	96.47728394539168	0.0	3.5227160546083196	0.0	0.0	0.0	0.2777208027319733	0.2777208027319733	1.0	0.0	0.0	0.44435328437115729	0.44435328437115729	1
example-SDNA	6	57512678	G	A	10	60	14	47	70	61	0.5343511450381679	0.0	95.963713663432	0.0	4.036286336567993	0.0	1.2990490057125855e-110	2.0135796625735777e-132	0.24236010906426514	0.24236010906426514	1.0	1.1691441051413269e-109	2.0711105100756798e-131	0.39479474779699297	0.39479474779699297	1
example-NRNA	6	57512678	G	A	19	15	0	0	34	0	1.0	98.31005696191129	0.0	0.0	98.31005696191129	0.0	1.0	7.0907981274302247e-64	5.820766091346742e-11	5.820766091346742e-11	1.0	1	4.4011850446118636e-63	1.4756871780879065e-10	1.4756871780879065e-10	1
example-TRNA	6	57512678	G	A	19	32	0	0	51	0	1.0	100.0	0.0	0.0	100.0	0.0	1.0	5.1215435676123336e-104	4.4408920985006262e-16	4.4408920985006262e-16	1.0	1	4.4969650837571705e-103	1.3434631558489289e-15	1.3434631558489289e-15	1
example-GDNA	11	11373960	C	T	11	17	14	11	28	25	0.5283018867924528	0.0	97.72926461947942	0.0	2.2707353805205743	0.0	6.5249394588478928e-37	5.0284525187307593e-43	0.39192315110474918	0.39192315110474918	1.0	2.8300942231147488e-36	2.2914467173962953e-42	0.5928249344441584	0.5928249344441584	1
example-SDNA	11	11373960	C	T	23	28	40	37	51	77	0.3984375	0.0	83.74859463561879	0.0	0.0	16.25140536438121	1.5717957351075605e-150	8.7817676340202855e-88	0.013367586427987731	1.0	0.013367586427987731	1.8253111762539412e-149	6.5863257255152139e-87	0.023706064601357553	1	0.023706064601357553
example-NRNA	11	11373960	C	T	134	39	2	0	173	2	0.9885714285714285	91.82015196386514	0.0	0.0	100.0	0.0	0.088279320512530401	0.0	3.2158788515722474e-49	3.2158788515722474e-49	1.0	0.15206007361010021	0.0	1.6079394257861239e-48	1.6079394257861239e-48	1
example-TRNA	11	11373960	C	T	147	53	0	0	200	0	1.0	100.0	0.0	0.0	100.0	0.0	1.0	0.0	6.2230152778605904e-61	6.2230152778605904e-61	1.0	1	0.0	3.7338091667163545e-60	3.7338091667163545e-60	1
