AlignedReads	CHROM	POS	REF	ALT	SNVCountForward	SNVCountReverse	RefCountForward	RefCountReverse	SNVCount	RefCount	R	HomoVarSc	HetSc	HomoRefSc	VarDomSc	RefDomSc	NotHomoVarpV	NotHomoRefpV	NotHetpV	VarDompV	RefDompV	NotHomoVarFDR	NotHomoRefFDR	NotHetFDR	VarDomFDR	RefDomFDR
example-GDNA	16	71487206	T	C	30	36	21	33	66	54	0.55	0.0	94.17541288547977	0.0	5.824587114520229	0.0	4.91570893613497e-95	1.1577210543005671e-123	0.15765165041612914	0.15765165041612914	1.0	3.9325671489079754e-94	1.0967883672321162e-122	0.26154190852445386	0.26154190852445386	1
example-SDNA	16	71487206	T	C	5	6	7	5	11	12	0.4782608695652174	0.0	98.47032539791456	0.0	0.0	1.5296746020854355	4.5122471985925069e-15	2.2180468232566349e-13	0.49999999999999994	1.0	0.49999999999999994	1.3100072512042762e-14	6.3372766378760995e-13	0.70312499999999989	1	0.70312499999999989
example-NRNA	16	71487206	T	C	2	5	5	3	7	8	0.4666666666666667	0.0	64.97102232369708	0.0	0.0	1.5296746020854355	2.9940829054663203e-09	9.9482751683973614e-08	0.49999999999999983	1.0	0.49999999999999983	7.0449009540384002e-09	2.2383619128894062e-07	0.70312499999999989	1	0.70312499999999989
example-TRNA	16	71487206	T	C	0	0	3	7	0	10	0.0	0.0	0.0	27.327510568253533	0.0	27.327510568253533	1.5772029579086489e-14	1.0	0.0009765625	1.0	0.0009765625	4.5423445187769092e-14	1	0.0018503289473684209	1	0.0018503289473684209
example-GDNA	X	107159291	C	A	47	44	30	43	91	73	0.5548780487804879	0.0	91.96237334292006	0.0	8.037626657079946	0.0	3.7570823489913947e-137	1.6495776543078005e-182	0.092091021183419469	0.092091021183419469	1.0	3.9780871930497125e-136	2.2840305982723393e-181	0.15712212145038393	0.15712212145038393	1.0
example-SDNA	X	107159291	C	A	49	52	91	98	101	189	0.3482758620689655	0.0	34.68672337348062	0.0	0.0	65.31327662651938	0.0	3.5643942882199393e-200	1.3239904457111786e-07	1.0	1.3239904457111786e-07	0.0	5.5790519293877314e-199	2.9422009904692858e-07	1	2.9422009904692858e-07
example-NRNA	X	107159291	C	A	12	7	12	7	19	19	0.5	0.0	100.0	0.0	0.0	0.0	1.9546741630986961e-26	1.9546741630986961e-26	1.0	1.0	1.0	6.7661797953416392e-26	6.7661797953416392e-26	1	1	1
example-TRNA	X	107159291	C	A	0	0	10	5	0	15	0.0	0.0	0.0	42.168260090616144	0.0	42.168260090616144	1.066144926023537e-23	1.0	3.0517578125e-05	1.0	3.0517578125e-05	3.587029657649283e-23	1	6.0697945441988951e-05	1	6.0697945441988951e-05
