AlignedReads	CHROM	POS	REF	ALT	SNVCountForward	SNVCountReverse	RefCountForward	RefCountReverse	SNVCount	RefCount	R	HomoVarSc	HetSc	HomoRefSc	VarDomSc	RefDomSc	NotHomoVarpV	NotHomoRefpV	NotHetpV	VarDompV	RefDompV	NotHomoVarFDR	NotHomoRefFDR	NotHetFDR	VarDomFDR	RefDomFDR
example-GDNA	6	57512678	G	A	50	189	32	198	239	230	0.509594882729211	0.0	97.26822388724555	0.0	2.731776112754449	0.0	0.0	0.0	0.35593388004478865	0.35593388004478865	1.0	0.0	0.0	0.5331168247366879	0.5331168247366879	1
example-SDNA	6	57512678	G	A	10	59	13	44	69	57	0.5476190476190477	0.0	94.31292737904963	0.0	5.68707262095037	0.0	1.4098184763144633e-101	1.8622559510459792e-130	0.16356148360838915	0.16356148360838915	1.0	1.4525402483239925e-100	2.532668093422532e-129	0.2699558467322928	0.2699558467322928	1
example-NRNA	6	57512678	G	A	4	14	0	0	18	0	1.0	50.48429007144381	0.0	0.0	50.48429007144381	0.0	1.0	1.4551915228366867e-29	3.814697265625e-06	3.814697265625e-06	1.0	1	6.343142535441968e-29	8.944807381465516e-06	8.944807381465516e-06	1
example-TRNA	6	57512678	G	A	6	27	0	0	33	0	1.0	94.55589383352543	0.0	0.0	94.55589383352543	0.0	1.0	1.2934947773283676e-61	1.1641532182693481e-10	1.1641532182693481e-10	1.0	1	9.35719626152436e-61	3.5027618956776844e-10	3.5027618956776844e-10	1
example-GDNA	11	11373960	C	T	11	14	14	10	25	24	0.5102040816326531	0.0	98.57536918408168	0.0	1.424630815918326	0.0	3.102397829433287e-35	3.069323453800361e-37	0.5000000000000001	0.5000000000000001	1.0	1.4856552986018558e-34	1.5575671258091384e-36	0.7203389830508475	0.7203389830508475	1
example-SDNA	11	11373960	C	T	22	24	40	26	46	66	0.4107142857142857	0.0	88.16701488021185	0.0	0.0	11.832985119788145	1.284744335142395e-124	1.7010333510517443e-77	0.036063193117587614	1.0	0.036063193117587614	1.5600466926729082e-123	1.5219772088357712e-76	0.06556944203197748	1	0.06556944203197748
example-NRNA	11	11373960	C	T	111	30	2	0	141	2	0.986013986013986	91.78581903840714	0.0	0.0	100.0	0.0	0.08785534268126466	0.0	9.234668983777687e-40	9.234668983777687e-40	1.0	0.1508627096546969	0.0	4.905917897631896e-39	4.905917897631896e-39	1
example-TRNA	11	11373960	C	T	117	34	0	0	151	0	1.0	100.0	0.0	0.0	100.0	0.0	1.0	0.0	3.503246160812043e-46	3.503246160812043e-46	1.0	1	0.0	2.0536270597863697e-45	2.0536270597863697e-45	1
