AlignedReads	CHROM	POS	REF	ALT	SNVCountForward	SNVCountReverse	RefCountForward	RefCountReverse	SNVCount	RefCount	R	HomoVarSc	HetSc	HomoRefSc	VarDomSc	RefDomSc	NotHomoVarpV	NotHomoRefpV	NotHetpV	VarDompV	RefDompV	NotHomoVarFDR	NotHomoRefFDR	NotHetFDR	VarDomFDR	RefDomFDR
example-GDNA	5	31423007	T	C	46	106	24	58	152	82	0.6495726495726496	0.0	48.25678363067378	0.0	51.74321636932622	0.0	1.442632911559046e-155	0.0	2.775994227397483e-06	2.775994227397483e-06	1.0	2.229523590591253e-154	0.0	6.693886789469108e-06	6.693886789469108e-06	1
example-SDNA	5	31423007	T	C	23	19	6	3	42	9	0.8235294117647058	0.0	30.427091162647372	0.0	53.82516358645515	0.0	1.2595066341542936e-09	2.4220031488672002e-76	1.6944139744623484e-06	1.6944139744623484e-06	1.0	3.756423294846139e-09	2.1114899246534564e-75	4.144609721706464e-06	4.144609721706464e-06	1
example-NRNA	5	31423007	T	C	2	28	1	23	30	24	0.5555555555555556	0.0	96.00135023210248	0.0	3.9986497678975135	0.0	7.138145651353377e-35	3.8016200098402094e-47	0.24830871765896703	0.24830871765896703	1.0	3.324615782822121e-34	2.3081264345458413e-46	0.398230962283249	0.398230962283249	1
example-TRNA	5	31423007	T	C	1	28	0	0	29	0	1.0	82.77572203260824	0.0	0.0	82.77572203260824	0.0	1.0	1.0486752169157842e-52	1.862645149230957e-09	1.862645149230957e-09	1.0	1	6.991168112771895e-52	5.277494589487712e-09	5.277494589487712e-09	1
