AlignedReads	CHROM	POS	REF	ALT	SNPCountForward	SNPCountReverse	RefCountForward	RefCountReverse	SNPCount	RefCount	HomoVarSc	HetSc	HomoRefSc	VarDomSc	RefDomSc	NotHomoVarpV	NotHomoRefpV	NotHetpV	VarDompV	RefDompV	NotHomoVarFDR	NotHomoRefFDR	NotHetFDR	VarDomFDR	RefDomFDR	Cancer_Type
example-GDNA	19	54659124	G	A	0	0	6	26	0	32	0.0	0.0	92.42198437202484	0.0	92.42198437202484	2.2893637053100784e-59	1.0	2.3283064365386963e-10	1.0	2.3283064365386963e-10	1.2718687251722658e-58	1	5.7253436964066304e-10	1	5.7253436964066304e-10	NA
example-SDNA	19	54659124	G	A	0	0	8	12	0	20	0.0	0.0	57.16664926972235	0.0	57.16664926972235	1.3519059214026471e-33	1.0	9.5367431640625e-07	1.0	9.5367431640625e-07	5.1996381592409503e-33	1	1.9201496303481546e-06	1	1.9201496303481546e-06	NA
example-NRNA	19	54659124	G	A	0	0	24	76	0	100	0.0	0.0	100.0	0.0	100.0	1.0888881145395568e-231	1.0	7.8886090522101163e-31	1.0	7.8886090522101163e-31	1.921567260952159e-230	1	2.7518403670500408e-30	1	2.7518403670500408e-30	NA
example-TRNA	19	54659124	G	A	16	28	28	76	44	104	0.0	39.6882799198199	0.0	0.0	60.3117200801801	1.9338216660505043e-220	6.7522380539104964e-72	4.4365233818519771e-07	1.0	4.4365233818519771e-07	3.2230361100841741e-219	4.2201487836940605e-71	9.3073917101789732e-07	1	9.3073917101789732e-07	NA

