AlignedReads	CHROM	POS	REF	ALT	SNPCountForward	SNPCountReverse	RefCountForward	RefCountReverse	SNPCount	RefCount	HomoVarSc	HetSc	HomoRefSc	VarDomSc	RefDomSc	NotHomoVarpV	NotHomoRefpV	NotHetpV	VarDompV	RefDompV	NotHomoVarFDR	NotHomoRefFDR	NotHetFDR	VarDomFDR	RefDomFDR
example-GDNA	1	36886117	C	T	61	31	70	53	92	123	0.0	85.40601329620749	0.0	0.0	14.59398670379251	9.6507926693062096e-263	5.2032116661065631e-181	0.020254341286598559	1.0	0.020254341286598559	2.4126981673265522e-261	7.8048174991598448e-180	0.03472172791988324	1	0.03472172791988324
example-SDNA	1	36886117	C	T	21	18	1	1	39	2	81.70139098728413	0.0	0.0	90.23022986841087	0.0	0.082320410038196276	2.8738934880750021e-73	3.9199221646413212e-10	3.9199221646413212e-10	1.0	0.14031888074692547	1.834400098771278e-72	9.4836826563902921e-10	9.4836826563902921e-10	1
example-NRNA	1	36886117	C	T	17	14	11	11	31	22	0.0	93.47696504799792	0.0	6.5230349520020825	0.0	4.3345477293724418e-31	1.9835957085186567e-49	0.13583958303275159	0.13583958303275159	1.0	1.5480527604901579e-30	9.7553887304196236e-49	0.22268784103729766	0.22268784103729766	1
example-TRNA	1	36886117	C	T	8	4	0	0	12	0	33.44753707790743	0.0	0.0	33.44753707790743	0.0	1.0	4.3062934761648682e-18	0.000244140625	0.000244140625	1.0	1	1.266556904754373e-17	0.00045211226851851852	0.00045211226851851852	1

