AlignedReads	CHROM	POS	REF	ALT	SNPCountForward	SNPCountReverse	RefCountForward	RefCountReverse	SNPCount	RefCount	HomoVarSc	HetSc	HomoRefSc	VarDomSc	RefDomSc	NotHomoVarpV	NotHomoRefpV	NotHetpV	VarDompV	RefDompV	NotHomoVarFDR	NotHomoRefFDR	NotHetFDR	VarDomFDR	RefDomFDR
example-GDNA	10	81272814	G	C	7	11	5	20	18	25	0.0	94.56387307368188	0.0	0.0	5.43612692631812	2.5447927204983723e-30	7.0500952584982438e-19	0.18018882646788364	1.0	0.18018882646788364	8.7751473120633528e-30	2.1804418325252299e-18	0.28601401026648199	1	0.28601401026648199
example-SDNA	10	81272814	G	C	12	33	14	37	45	51	0.0	96.67003467796573	0.0	0.0	3.32996532203427	5.3066406866738702e-90	2.9212705104221068e-76	0.30503413305258859	1.0	0.30503413305258859	4.0820312974414389e-89	1.9051764198405043e-75	0.46451898434404354	1	0.46451898434404354
example-NRNA	10	81272814	G	C	0	0	64	214	0	278	0.0	0.0	100.0	0.0	100.0	0.0	1.0	2.0590230357870808e-84	1.0	2.0590230357870808e-84	0.0	1	1.4038793425821007e-83	1	1.4038793425821007e-83
example-TRNA	10	81272814	G	C	0	0	67	257	0	324	0.0	0.0	100.0	0.0	100.0	0.0	1.0	2.926047721683019e-98	1.0	2.926047721683019e-98	0.0	1	2.3724711256889339e-97	1	2.3724711256889339e-97

example-GDNA	17	21217513	G	A	7	13	28	38	20	66	0.0	38.571878912762685	0.0	0.0	61.428121087237315	1.0226227184647521e-129	1.5724835649900723e-26	3.3348894114148211e-07	1.0	3.3348894114148211e-07	1.0226227184647522e-128	5.3005063988429399e-26	7.1976030462190384e-07	1	7.1976030462190384e-07
example-SDNA	17	21217513	G	A	2	4	5	7	6	12	0.0	44.6146612694162	0.0	0.0	7.0522113124836086	9.6191256137413497e-16	3.4971334717415366e-06	0.11894226074218743	1.0	0.11894226074218743	2.7483216039261001e-15	6.8125976722237715e-06	0.19714186863345984	1	0.19714186863345984
example-NRNA	17	21217513	G	A	0	0	42	92	0	134	0.0	0.0	100.0	0.0	100.0	0.0	1.0	4.5917748078995606e-41	1.0	4.5917748078995606e-41	0.0	1	1.9679034890998116e-40	1	1.9679034890998116e-40
example-TRNA	17	21217513	G	A	0	0	50	59	0	109	0.0	0.0	100.0	0.0	100.0	1.7681771946243056e-256	1.0	1.5407439555097887e-33	1.0	1.5407439555097887e-33	4.0804089106714746e-255	1	5.7777898331617076e-33	1	5.7777898331617076e-33

