AlignedReads	CHROM	POS	REF	ALT	SNVCountForward	SNVCountReverse	RefCountForward	RefCountReverse	SNVCount	RefCount	R	HomoVarSc	HetSc	HomoRefSc	VarDomSc	RefDomSc	NotHomoVarpV	NotHomoRefpV	NotHetpV	VarDompV	RefDompV	NotHomoVarFDR	NotHomoRefFDR	NotHetFDR	VarDomFDR	RefDomFDR
example-GDNA	5	31423007	T	C	47	120	24	60	167	84	0.6653386454183267	0.0	33.02044894347554	0.0	66.97955105652446	0.0	8.3428086226848283e-160	0.0	8.8540000052575941e-08	8.8540000052575941e-08	1.0	1.0356590014367374e-158	0.0	2.0046792464734176e-07	2.0046792464734176e-07	1
example-SDNA	5	31423007	T	C	23	25	6	5	48	11	0.8135593220338984	0.0	41.337692934288356	0.0	58.662307065711644	0.0	2.1876512915846294e-12	1.8330507221625186e-89	6.2081411308922974e-07	6.2081411308922974e-07	1.0	6.0118661448127222e-12	1.4040388510180995e-88	1.3607216458270538e-06	1.3607216458270538e-06	1
example-NRNA	5	31423007	T	C	5	31	3	30	36	33	0.5217391304347826	0.0	97.78789453418781	0.0	2.212105465812193	0.0	3.902569672279688e-52	1.3905159577916928e-58	0.40497452645946203	0.40497452645946203	1.0	2.0361233072763591e-51	8.0739636258872493e-58	0.60088235823834513	0.60088235823834513	1
example-TRNA	5	31423007	T	C	4	33	0	0	37	0	1.0	100.0	0.0	0.0	100.0	0.0	1.0	9.8287819507505136e-71	7.2759576141834275e-12	7.2759576141834275e-12	1.0	1	6.2076517583687455e-70	1.8709605293614525e-11	1.8709605293614525e-11	1
example-GDNA	14	74340797	A	T	17	13	18	13	30	31	0.4918032786885246	0.0	98.47032539791456	0.0	0.0	1.5296746020854355	1.4281963287547208e-48	1.7861443614432505e-46	0.49999999999999978	1.0	0.49999999999999978	7.0431599774205405e-48	8.3508048067476647e-46	0.70312499999999989	1	0.70312499999999989
example-SDNA	14	74340797	A	T	16	13	4	4	29	8	0.7837837837837838	0.0	41.90657500323111	0.0	31.375048378481306	0.0	2.0223990808953688e-08	4.7055337130675677e-48	0.00037644853000529127	0.00037644853000529127	1.0	4.6971849620795662e-08	2.2891785631139517e-47	0.00072861005807475722	0.00072861005807475722	1
example-NRNA	14	74340797	A	T	18	17	15	18	35	33	0.5147058823529411	0.0	98.16795770787593	0.0	1.8320422921240738	0.0	3.2627070146678924e-52	1.687306615834248e-56	0.45179867284175662	0.45179867284175662	1.0	1.768741352266657e-51	9.6417520904814186e-56	0.65583678315738869	0.65583678315738869	1
example-TRNA	14	74340797	A	T	23	25	0	0	48	0	1.0	100.0	0.0	0.0	100.0	0.0	1.0	1.0000000000000009e-96	3.5527136788005009e-15	3.5527136788005009e-15	1.0	1	8.1818181818181896e-96	1.0398186376977076e-14	1.0398186376977076e-14	1
