AlignedReads	CHROM	POS	REF	ALT	SNVCountForward	SNVCountReverse	RefCountForward	RefCountReverse	SNVCount	RefCount	R	HomoVarSc	HetSc	HomoRefSc	VarDomSc	RefDomSc	NotHomoVarpV	NotHomoRefpV	NotHetpV	VarDompV	RefDompV	NotHomoVarFDR	NotHomoRefFDR	NotHetFDR	VarDomFDR	RefDomFDR
example-GDNA	10	81272814	G	C	8	9	5	18	17	23	0.425	0.0	95.41284303347068	0.0	0.0	4.587156966529315	3.6281566112201e-27	1.5149529204485002e-17	0.21479525392169313	1.0	0.21479525392169313	1.5229299355738691e-26	5.479616946303086e-17	0.347763744444646	1	0.347763744444646
example-SDNA	10	81272814	G	C	12	25	14	33	37	47	0.44047619047619047	0.0	94.31292737904963	0.0	0.0	5.68707262095037	6.418119700134139e-82	1.3758110514686595e-59	0.16306708559599167	1.0	0.16306708559599167	6.234744851558879e-81	9.745328281236337e-59	0.2699558467322928	1	0.2699558467322928
example-NRNA	10	81272814	G	C	0	0	5	210	0	215	0.0	0.0	0.0	100.0	0.0	100.0	0.0	1.0	1.899113549152224e-65	1.0	1.899113549152224e-65	0.0	1	1.4348857926927917e-64	1	1.4348857926927917e-64
example-TRNA	10	81272814	G	C	0	0	2	243	0	245	0.0	0.0	0.0	100.0	0.0	100.0	0.0	1.0	1.7686873200827355e-74	1.0	1.7686873200827355e-74	0.0	1	1.4317944972098336e-73	1	1.4317944972098336e-73
example-GDNA	17	21217513	G	A	7	17	27	32	24	59	0.2891566265060241	0.0	62.12718498788619	0.0	0.0	37.87281501211381	1.0102406680817978e-111	9.672376758302014e-34	7.727970539164584e-05	1.0	7.727970539164584e-05	1.1449394238260376e-110	4.327115918187743e-33	0.00016319937784571172	1	0.00016319937784571172
example-SDNA	17	21217513	G	A	3	5	5	7	8	12	0.4	0.0	73.27585177764077	0.0	0.0	3.9830144277766975	2.0193165665905716e-15	7.021633920571066e-09	0.25172233581542974	1.0	0.25172233581542974	7.151746173341608e-15	1.879807506294616e-08	0.39966724537037035	1	0.39966724537037035
example-NRNA	17	21217513	G	A	0	0	38	2	0	40	0.0	0.0	0.0	100.0	0.0	100.0	1.0686329414571119e-77	1.0	9.094947017729286e-13	1.0	9.094947017729286e-13	9.819870272849137e-77	1	2.9733480634884208e-12	1	2.9733480634884208e-12
example-TRNA	17	21217513	G	A	0	0	39	9	0	48	0.0	0.0	0.0	100.0	0.0	100.0	1.000000000000001e-96	1.0	3.552713678800501e-15	1.0	3.552713678800501e-15	1.0000000000000008e-95	1	1.2325741334613982e-14	1	1.2325741334613982e-14
