AlignedReads	CHROM	POS	REF	ALT	SNVCountForward	SNVCountReverse	RefCountForward	RefCountReverse	SNVCount	RefCount	HomoVarSc	HetSc	HomoRefSc	VarDomSc	RefDomSc	NotHomoVarpV	NotHomoRefpV	NotHetpV	VarDompV	RefDompV	NotHomoVarFDR	NotHomoRefFDR	NotHetFDR	VarDomFDR	RefDomFDR	DARNED Cancer_Type
example-GDNA	1	7890010	A	G	0	0	15	22	0	37	0.0	0.0	100.0	0.0	100.0	9.8287819507505136e-71	1.0	7.2759576141834275e-12	1.0	7.2759576141834275e-12	6.2076517583687455e-70	1	1.8709605293614525e-11	1	1.8709605293614525e-11	
example-SDNA	1	7890010	A	G	0	0	95	79	0	174	0.0	0.0	100.0	0.0	100.0	0.0	1.0	4.1761948595190066e-53	1.0	4.1761948595190066e-53	0.0	1	2.3129694606566803e-52	1	2.3129694606566803e-52	
example-NRNA	1	7890010	A	G	32	4	57	39	36	96	0.0	33.02044894347554	0.0	0.0	66.97955105652446	2.5527408109639198e-172	4.1885273158007585e-45	8.7468700715387018e-08	1.0	8.7468700715387018e-08	3.4036544146185597e-171	1.9331664534465038e-44	2.0046792464734176e-07	1	2.0046792464734176e-07	
example-TRNA	1	7890010	A	G	12	1	19	8	13	27	0.0	85.28723327002545	0.0	0.0	14.712766729974545	1.1472561784483866e-42	8.6001214917258002e-16	0.019238654142100124	1.0	0.019238654142100124	5.1626528030177401e-42	2.5800364475177398e-15	0.033784953615395338	1	0.033784953615395338	
example-GDNA	13	46090371	A	G	0	0	47	72	0	119	0.0	0.0	100.0	0.0	100.0	6.292407564117642e-247	1.0	1.5046327690525283e-36	1.0	1.5046327690525283e-36	1.3325098371072652e-245	1	6.3725623159871789e-36	1	6.3725623159871789e-36	BREAST CANCER,LYMPHOBLASTOID CELL LINE
example-SDNA	13	46090371	A	G	0	0	28	46	0	74	0.0	0.0	100.0	0.0	100.0	3.4960246979905627e-162	1.0	5.2939559203393771e-23	1.0	5.2939559203393771e-23	4.4948888974164381e-161	1	1.7484625058001613e-22	1	1.7484625058001613e-22	BREAST CANCER,LYMPHOBLASTOID CELL LINE
example-NRNA	13	46090371	A	G	13	11	6	16	24	22	0.0	98.10296090992223	0.0	1.897039090077772	0.0	1.523279341770551e-31	1.684917344017937e-35	0.44149795606119779	0.44149795606119779	1.0	5.8338357769935991e-31	7.0531423703076431e-35	0.64609456984565528	0.64609456984565528	1	BREAST CANCER,LYMPHOBLASTOID CELL LINE
example-TRNA	13	46090371	A	G	1	5	2	6	6	8	0.0	51.02204642558653	0.0	0.0	2.270218401587191	2.3068302729618341e-09	2.2517341770895608e-06	0.39526367187500022	1.0	0.39526367187500022	5.4635453833306596e-09	4.6856896170649825e-06	0.59289550781250033	1	0.59289550781250033	BREAST CANCER,LYMPHOBLASTOID CELL LINE
